task,utilization,period,criticality,assigned core,core utilization
Task-36,0.9889020762148384,10,low,8,0.9889020762148384
Task-39,0.9168688233854994,50,low,7,0.9168688233854994
Task-44,0.8960201036645561,10,low,6,0.8960201036645561
Task-45,0.7941836716893249,50,low,5,0.7941836716893249
Task-29,0.7834050574661728,20,low,4,0.7834050574661728
Task-43,0.715697235391751,10,low,3,0.715697235391751
Task-38,0.6789859009831631,50,low,2,0.6789859009831631
Task-46,0.5815237965529167,50,low,1,0.5815237965529167
