Task 1,Task 2,Task 3,Task 4,Task 5,Task 6,Task 7,Task 8,Task 9,Task 10,Task 11,Task 12,Task 13,Task 14,Task 15,Task 16,Task 17,Task 18,Task 19,Task 20,Task 21,Task 22,Task 23,Task 24,Task 25,Task 26,Task 27,Task 28,Task 29,Task 30,Task 31,Task 32,Task 33,Task 34,Task 35,Task 36,Task 37,Task 38,Task 39,Task 40,Task 41,Task 42,Task 43,Task 44,Task 45,Task 46,Task 47,Task 48,Task 49,Task 50
0.0042024085409635425,0.07877596090309558,0.019105973152817146,0.112275761295765,0.012363787565142559,0.0029289577620530416,0.03571480952945971,0.024320283464620118,0.15475314755864766,0.015282910683826145,0.030561362174008178,0.03440524498731268,0.0053347574648914264,0.009990558582836151,0.09022860803830124,0.04351638820494763,0.022777474084410887,0.025360361093984096,0.01293145605001289,0.062364600987873775,0.01412776502052493,0.06687621664757781,0.026220541526327024,0.021610088812923367,0.02631190765131275,0.009339486036344935,0.02155640841640105,0.0067071659064221745,0.016843777413426464,0.03459895268206148,0.049680273424818955,0.04752530070648875,0.13574006883517775,0.03380692723335599,0.06157661185569929,0.0053920452714646405,0.03326531727462989,0.030368926449590994,0.024277373778147537,0.15280165229724196,0.053494960842831785,0.0750908013185213,0.07284306713216221,0.00650510765880255,0.05585616608598712,0.009369997034621103,0.005477648797053647,0.06259148396804315,0.00506607490870091,0.037883072888369014
