Task 1,Task 2,Task 3,Task 4,Task 5,Task 6,Task 7,Task 8,Task 9,Task 10,Task 11,Task 12,Task 13,Task 14,Task 15,Task 16,Task 17,Task 18,Task 19,Task 20,Task 21,Task 22,Task 23,Task 24,Task 25
0.09265853450334927,0.26951770798119457,0.06216263672397471,0.2714295401993301,0.6055192998057701,0.03190782039290285,0.10518033035818641,0.009122842380532514,0.075905874632757,0.07846114039230079,0.0638738877138314,0.4213211235546206,0.016756129698760835,0.11864828100724911,0.3465456568456051,0.13507393394840972,0.5437727307350553,0.0990523590415463,0.2892801421967815,0.06855881792183582,0.12620515103708552,0.006468843810858604,0.10207200044684155,0.04643991091708175,0.014065303754138593
